SEP=;
id_mutation;date_mutation;numero_disposition;nature_mutation;valeur_fonciere;adresse_numero;adresse_suffixe;adresse_nom_voie;adresse_code_voie;code_postal;code_commune;nom_commune;code_departement;ancien_code_commune;ancien_nom_commune;id_parcelle;ancien_id_parcelle;numero_volume;lot1_numero;lot1_surface_carrez;lot2_numero;lot2_surface_carrez;lot3_numero;lot3_surface_carrez;lot4_numero;lot4_surface_carrez;lot5_numero;lot5_surface_carrez;nombre_lots;code_type_local;type_local;surface_reelle_bati;nombre_pieces_principales;code_nature_culture;nature_culture;code_nature_culture_speciale;nature_culture_speciale;surface_terrain;longitude;latitude;section_prefixe
"2018-743301";"2018-12-10";"1";"Vente";"172000.0";"7.0";"None";"RUE JULES VALLES";"0329";"77200";"77468";"Torcy";"77";"None";"None";"77468000AE0059";"None";"None";"23";"63.09";"None";"nan";"None";"None";"None";"None";"None";"None";"1";"2";"Appartement";"64.0";"3.0";"None";"None";"None";"None";"nan";"2.644406";"48.844072";"000AE"
"2018-743301";"2018-12-10";"1";"Vente";"172000.0";"7.0";"None";"RUE JULES VALLES";"0329";"77200";"77468";"Torcy";"77";"None";"None";"77468000AE0059";"None";"None";"120";"nan";"None";"nan";"None";"None";"None";"None";"None";"None";"1";"3";"Dépendance";"nan";"0.0";"None";"None";"None";"None";"nan";"2.644406";"48.844072";"000AE"
"2018-743274";"2018-12-07";"1";"Vente";"195000.0";"6.0";"None";"RUE JULES VALLES";"0329";"77200";"77468";"Torcy";"77";"None";"None";"77468000AE0091";"None";"None";"137";"74.35";"None";"nan";"None";"None";"None";"None";"None";"None";"1";"2";"Appartement";"74.0";"3.0";"None";"None";"None";"None";"nan";"2.642604";"48.844414";"000AE"
"2018-743274";"2018-12-07";"1";"Vente";"195000.0";"6.0";"None";"RUE JULES VALLES";"0329";"77200";"77468";"Torcy";"77";"None";"None";"77468000AE0091";"None";"None";"159";"nan";"None";"nan";"None";"None";"None";"None";"None";"None";"1";"3";"Dépendance";"nan";"0.0";"None";"None";"None";"None";"nan";"2.642604";"48.844414";"000AE"
"2018-742961";"2018-11-30";"1";"Vente";"1.0";"nan";"None";"RUE DE PARIS";"0390";"77200";"77468";"Torcy";"77";"None";"None";"77468000AE0205";"None";"None";"None";"nan";"None";"nan";"None";"None";"None";"None";"None";"None";"0";"None";"None";"nan";"nan";"S";"sols";"None";"None";"9.0";"2.643598";"48.849513";"000AE"
"2018-742961";"2018-11-30";"1";"Vente";"1.0";"nan";"None";"RUE DE PARIS";"0390";"77200";"77468";"Torcy";"77";"None";"None";"77468000AE0206";"None";"None";"None";"nan";"None";"nan";"None";"None";"None";"None";"None";"None";"0";"None";"None";"nan";"nan";"S";"sols";"None";"None";"50.0";"2.643237";"48.84947";"000AE"
"2018-742961";"2018-11-30";"1";"Vente";"1.0";"nan";"None";"RUE DE PARIS";"0390";"77200";"77468";"Torcy";"77";"None";"None";"77468000AE0207";"None";"None";"None";"nan";"None";"nan";"None";"None";"None";"None";"None";"None";"0";"None";"None";"nan";"nan";"S";"sols";"None";"None";"1.0";"2.643302";"48.849472";"000AE"
"2018-742961";"2018-11-30";"1";"Vente";"1.0";"nan";"None";"RUE DE PARIS";"0390";"77200";"77468";"Torcy";"77";"None";"None";"77468000AE0214";"None";"None";"None";"nan";"None";"nan";"None";"None";"None";"None";"None";"None";"0";"None";"None";"nan";"nan";"S";"sols";"None";"None";"298.0";"2.642714";"48.849404";"000AE"
"2018-742961";"2018-11-30";"1";"Vente";"1.0";"nan";"None";"PROM DU GALION";"0177";"77200";"77468";"Torcy";"77";"None";"None";"77468000AE0122";"None";"None";"None";"nan";"None";"nan";"None";"None";"None";"None";"None";"None";"0";"None";"None";"nan";"nan";"S";"sols";"None";"None";"1455.0";"2.641667";"48.847022";"000AE"
"2018-742961";"2018-11-30";"1";"Vente";"1.0";"nan";"None";"PROM DU GALION";"0177";"77200";"77468";"Torcy";"77";"None";"None";"77468000AE0146";"None";"None";"None";"nan";"None";"nan";"None";"None";"None";"None";"None";"None";"0";"None";"None";"nan";"nan";"S";"sols";"None";"None";"1427.0";"2.643581";"48.846778";"000AE"
"2018-742961";"2018-11-30";"1";"Vente";"1.0";"nan";"None";"RUE DE PARIS";"0390";"77200";"77468";"Torcy";"77";"None";"None";"77468000AE0204";"None";"None";"None";"nan";"None";"nan";"None";"None";"None";"None";"None";"None";"0";"None";"None";"nan";"nan";"S";"sols";"None";"None";"125.0";"2.643442";"48.849517";"000AE"
"2018-742961";"2018-11-30";"1";"Vente";"1.0";"nan";"None";"LE QUINQUONCE";"B040";"77200";"77468";"Torcy";"77";"None";"None";"77468000AE0038";"None";"None";"None";"nan";"None";"nan";"None";"None";"None";"None";"None";"None";"0";"None";"None";"nan";"nan";"T";"terres";"None";"None";"820.0";"2.641177";"48.849415";"000AE"
"2018-742961";"2018-11-30";"1";"Vente";"1.0";"nan";"None";"RUE DE PARIS";"0390";"77200";"77468";"Torcy";"77";"None";"None";"77468000AE0040";"None";"None";"None";"nan";"None";"nan";"None";"None";"None";"None";"None";"None";"0";"None";"None";"nan";"nan";"S";"sols";"None";"None";"38.0";"2.643195";"48.849493";"000AE"
"2018-742447";"2018-11-12";"1";"Vente";"169000.0";"3.0";"None";"ALL DE LA CARAVELLE";"0084";"77200";"77468";"Torcy";"77";"None";"None";"77468000AE0158";"None";"None";"27";"64.83";"36";"nan";"None";"None";"None";"None";"None";"None";"2";"2";"Appartement";"66.0";"3.0";"None";"None";"None";"None";"nan";"2.644128";"48.846618";"000AE"
"2018-742447";"2018-11-12";"1";"Vente";"169000.0";"3.0";"None";"ALL DE LA CARAVELLE";"0084";"77200";"77468";"Torcy";"77";"None";"None";"77468000AE0158";"None";"None";"40";"nan";"None";"nan";"None";"None";"None";"None";"None";"None";"1";"3";"Dépendance";"nan";"0.0";"None";"None";"None";"None";"nan";"2.644128";"48.846618";"000AE"
"2018-744651";"2018-11-08";"1";"Adjudication";"71000.0";"4.0";"None";"RUE JULES VALLES";"0329";"77200";"77468";"Torcy";"77";"None";"None";"77468000AE0097";"None";"None";"317";"nan";"None";"nan";"None";"None";"None";"None";"None";"None";"1";"2";"Appartement";"19.0";"1.0";"None";"None";"None";"None";"nan";"2.643909";"48.844734";"000AE"
"2018-742053";"2018-10-31";"1";"Vente";"250000.0";"1.0";"None";"ALL LA PEROUSE";"0275";"77200";"77468";"Torcy";"77";"None";"None";"77468000AE0021";"None";"None";"13";"nan";"None";"nan";"None";"None";"None";"None";"None";"None";"1";"1";"Maison";"91.0";"4.0";"S";"sols";"None";"None";"89.0";"2.640977";"48.847877";"000AE"
"2018-741575";"2018-10-19";"1";"Vente";"255000.0";"7.0";"None";"ALL DUMONT D URVILLE";"0127";"77200";"77468";"Torcy";"77";"None";"None";"77468000AE0021";"None";"None";"26";"92.88";"None";"nan";"None";"None";"None";"None";"None";"None";"1";"1";"Maison";"91.0";"4.0";"S";"sols";"None";"None";"101.0";"2.640977";"48.847877";"000AE"
"2018-741236";"2018-10-11";"1";"Vente";"224000.0";"13.0";"None";"RUE JULES VALLES";"0329";"77200";"77468";"Torcy";"77";"None";"None";"77468000AE0059";"None";"None";"68";"76.81";"None";"nan";"None";"None";"None";"None";"None";"None";"1";"2";"Appartement";"76.0";"4.0";"None";"None";"None";"None";"nan";"2.644406";"48.844072";"000AE"
"2018-741236";"2018-10-11";"1";"Vente";"224000.0";"7.0";"None";"RUE JULES VALLES";"0329";"77200";"77468";"Torcy";"77";"None";"None";"77468000AE0059";"None";"None";"88";"nan";"None";"nan";"None";"None";"None";"None";"None";"None";"1";"3";"Dépendance";"nan";"0.0";"None";"None";"None";"None";"nan";"2.644406";"48.844072";"000AE"
"2018-741093";"2018-10-05";"1";"Vente";"196260.0";"2.0";"None";"RUE VICTOR HUGO";"0491";"77200";"77468";"Torcy";"77";"None";"None";"77468000AE0057";"None";"None";"34";"67.21";"None";"nan";"None";"None";"None";"None";"None";"None";"1";"2";"Appartement";"69.0";"3.0";"None";"None";"None";"None";"nan";"2.644865";"48.84416";"000AE"
"2018-741093";"2018-10-05";"1";"Vente";"196260.0";"2.0";"None";"RUE VICTOR HUGO";"0491";"77200";"77468";"Torcy";"77";"None";"None";"77468000AE0057";"None";"None";"90";"nan";"None";"nan";"None";"None";"None";"None";"None";"None";"1";"3";"Dépendance";"nan";"0.0";"None";"None";"None";"None";"nan";"2.644865";"48.84416";"000AE"
"2018-741540";"2018-09-29";"1";"Vente";"107000.0";"4.0";"None";"RUE JULES VALLES";"0329";"77200";"77468";"Torcy";"77";"None";"None";"77468000AE0097";"None";"None";"322";"24.67";"None";"nan";"None";"None";"None";"None";"None";"None";"1";"2";"Appartement";"24.0";"1.0";"None";"None";"None";"None";"nan";"2.643909";"48.844734";"000AE"
"2018-741540";"2018-09-29";"1";"Vente";"107000.0";"2.0";"None";"RUE JULES VALLES";"0329";"77200";"77468";"Torcy";"77";"None";"None";"77468000AE0097";"None";"None";"422";"nan";"None";"nan";"None";"None";"None";"None";"None";"None";"1";"3";"Dépendance";"nan";"0.0";"None";"None";"None";"None";"nan";"2.643909";"48.844734";"000AE"
"2018-740229";"2018-09-12";"1";"Vente";"200000.0";"8.0";"None";"CRS DE L ARCHE GUEDON";"0008";"77200";"77468";"Torcy";"77";"None";"None";"77468000AE0002";"None";"None";"203";"66.22";"None";"nan";"None";"None";"None";"None";"None";"None";"1";"2";"Appartement";"67.0";"3.0";"None";"None";"None";"None";"nan";"2.639724";"48.848981";"000AE"
"2018-740229";"2018-09-12";"1";"Vente";"200000.0";"1.0";"B";"ALL DES VERGERS";"0489";"77200";"77468";"Torcy";"77";"None";"None";"77468000AE0004";"None";"None";"22";"nan";"None";"nan";"None";"None";"None";"None";"None";"None";"1";"3";"Dépendance";"nan";"0.0";"None";"None";"None";"None";"nan";"2.641593";"48.849258";"000AE"
"2018-740054";"2018-08-14";"1";"Vente";"98000.0";"7.0";"None";"RUE JULES VALLES";"0329";"77200";"77468";"Torcy";"77";"None";"None";"77468000AE0059";"None";"None";"16";"33.91";"None";"nan";"None";"None";"None";"None";"None";"None";"1";"2";"Appartement";"33.0";"1.0";"None";"None";"None";"None";"nan";"2.644406";"48.844072";"000AE"
"2018-740054";"2018-08-14";"1";"Vente";"98000.0";"7.0";"None";"RUE JULES VALLES";"0329";"77200";"77468";"Torcy";"77";"None";"None";"77468000AE0059";"None";"None";"131";"nan";"None";"nan";"None";"None";"None";"None";"None";"None";"1";"3";"Dépendance";"nan";"0.0";"None";"None";"None";"None";"nan";"2.644406";"48.844072";"000AE"
"2018-739742";"2018-08-04";"1";"Vente";"275000.0";"12.0";"None";"ALL DES VERGERS";"0489";"77200";"77468";"Torcy";"77";"None";"None";"77468000AE0015";"None";"None";"8";"91.25";"None";"nan";"None";"None";"None";"None";"None";"None";"1";"1";"Maison";"91.0";"4.0";"S";"sols";"None";"None";"74.0";"2.639248";"48.848453";"000AE"
"2018-739053";"2018-07-06";"1";"Vente";"187000.0";"6.0";"None";"RUE JULES VALLES";"0329";"77200";"77468";"Torcy";"77";"None";"None";"77468000AE0091";"None";"None";"118";"58.93";"None";"nan";"None";"None";"None";"None";"None";"None";"1";"2";"Appartement";"59.0";"3.0";"None";"None";"None";"None";"nan";"2.642604";"48.844414";"000AE"
"2018-739053";"2018-07-06";"1";"Vente";"187000.0";"6.0";"None";"RUE JULES VALLES";"0329";"77200";"77468";"Torcy";"77";"None";"None";"77468000AE0091";"None";"None";"150";"nan";"None";"nan";"None";"None";"None";"None";"None";"None";"1";"3";"Dépendance";"nan";"0.0";"None";"None";"None";"None";"nan";"2.642604";"48.844414";"000AE"
"2018-737927";"2018-06-29";"1";"Vente";"195000.0";"13.0";"None";"RUE JULES VALLES";"0329";"77200";"77468";"Torcy";"77";"None";"None";"77468000AE0059";"None";"None";"67";"76.51";"None";"nan";"None";"None";"None";"None";"None";"None";"1";"2";"Appartement";"76.0";"4.0";"None";"None";"None";"None";"nan";"2.644406";"48.844072";"000AE"
"2018-737927";"2018-06-29";"1";"Vente";"195000.0";"7.0";"None";"RUE JULES VALLES";"0329";"77200";"77468";"Torcy";"77";"None";"None";"77468000AE0059";"None";"None";"87";"nan";"None";"nan";"None";"None";"None";"None";"None";"None";"1";"3";"Dépendance";"nan";"0.0";"None";"None";"None";"None";"nan";"2.644406";"48.844072";"000AE"
"2018-737849";"2018-06-26";"1";"Vente";"130000.0";"6.0";"None";"RUE JULES VALLES";"0329";"77200";"77468";"Torcy";"77";"None";"None";"77468000AE0091";"None";"None";"130";"57.71";"None";"nan";"None";"None";"None";"None";"None";"None";"1";"2";"Appartement";"57.0";"3.0";"None";"None";"None";"None";"nan";"2.642604";"48.844414";"000AE"
"2018-737849";"2018-06-26";"1";"Vente";"130000.0";"6.0";"None";"RUE JULES VALLES";"0329";"77200";"77468";"Torcy";"77";"None";"None";"77468000AE0091";"None";"None";"142";"nan";"None";"nan";"None";"None";"None";"None";"None";"None";"1";"3";"Dépendance";"nan";"0.0";"None";"None";"None";"None";"nan";"2.642604";"48.844414";"000AE"
"2018-737888";"2018-06-22";"1";"Vente";"205000.0";"5.0";"None";"ALL PIROUETTE";"0441";"77200";"77468";"Torcy";"77";"None";"None";"77468000AE0002";"None";"None";"263";"70.23";"None";"nan";"None";"None";"None";"None";"None";"None";"1";"2";"Appartement";"67.0";"3.0";"None";"None";"None";"None";"nan";"2.639724";"48.848981";"000AE"
"2018-737888";"2018-06-22";"1";"Vente";"205000.0";"1.0";"B";"ALL DES VERGERS";"0489";"77200";"77468";"Torcy";"77";"None";"None";"77468000AE0004";"None";"None";"8";"nan";"None";"nan";"None";"None";"None";"None";"None";"None";"1";"3";"Dépendance";"nan";"0.0";"None";"None";"None";"None";"nan";"2.641593";"48.849258";"000AE"
"2018-736459";"2018-04-27";"1";"Vente";"265000.0";"5.0";"None";"ALL LA PEROUSE";"0275";"77200";"77468";"Torcy";"77";"None";"None";"77468000AE0021";"None";"None";"15";"100.32";"None";"nan";"None";"None";"None";"None";"None";"None";"1";"1";"Maison";"118.0";"5.0";"S";"sols";"None";"None";"1.0";"2.640977";"48.847877";"000AE"
"2018-736477";"2018-03-30";"1";"Vente";"185000.0";"2.0";"None";"RUE VICTOR HUGO";"0491";"77200";"77468";"Torcy";"77";"None";"None";"77468000AE0057";"None";"None";"41";"66.53";"None";"nan";"None";"None";"None";"None";"None";"None";"1";"2";"Appartement";"66.0";"3.0";"None";"None";"None";"None";"nan";"2.644865";"48.84416";"000AE"
"2018-736477";"2018-03-30";"1";"Vente";"185000.0";"2.0";"None";"RUE VICTOR HUGO";"0491";"77200";"77468";"Torcy";"77";"None";"None";"77468000AE0057";"None";"None";"84";"nan";"None";"nan";"None";"None";"None";"None";"None";"None";"1";"3";"Dépendance";"nan";"0.0";"None";"None";"None";"None";"nan";"2.644865";"48.84416";"000AE"
"2018-735350";"2018-03-27";"1";"Vente";"115000.0";"6.0";"None";"RUE JULES VALLES";"0329";"77200";"77468";"Torcy";"77";"None";"None";"77468000AE0091";"None";"None";"111";"29.06";"None";"nan";"None";"None";"None";"None";"None";"None";"1";"2";"Appartement";"28.0";"1.0";"None";"None";"None";"None";"nan";"2.642604";"48.844414";"000AE"
"2018-735350";"2018-03-27";"1";"Vente";"115000.0";"13.0";"None";"RUE VICTOR HUGO";"0491";"77200";"77468";"Torcy";"77";"None";"None";"77468000AE0091";"None";"None";"204";"nan";"None";"nan";"None";"None";"None";"None";"None";"None";"1";"3";"Dépendance";"nan";"0.0";"None";"None";"None";"None";"nan";"2.642604";"48.844414";"000AE"
"2018-735085";"2018-03-16";"1";"Vente";"134000.0";"3.0";"None";"RUE CHARLES BAUDELAIRE";"0101";"77200";"77468";"Torcy";"77";"None";"None";"77468000AE0061";"None";"None";"245";"50.66";"None";"nan";"None";"None";"None";"None";"None";"None";"1";"2";"Appartement";"52.0";"2.0";"None";"None";"None";"None";"nan";"2.646012";"48.843945";"000AE"
"2018-735085";"2018-03-16";"1";"Vente";"134000.0";"3.0";"None";"RUE CHARLES BAUDELAIRE";"0101";"77200";"77468";"Torcy";"77";"None";"None";"77468000AE0061";"None";"None";"309";"nan";"None";"nan";"None";"None";"None";"None";"None";"None";"1";"3";"Dépendance";"nan";"0.0";"None";"None";"None";"None";"nan";"2.646012";"48.843945";"000AE"
"2018-734897";"2018-02-22";"1";"Vente";"113000.0";"6.0";"None";"RUE JULES VALLES";"0329";"77200";"77468";"Torcy";"77";"None";"None";"77468000AE0091";"None";"None";"115";"27.75";"None";"nan";"None";"None";"None";"None";"None";"None";"1";"2";"Appartement";"27.0";"1.0";"None";"None";"None";"None";"nan";"2.642604";"48.844414";"000AE"
"2018-734897";"2018-02-22";"1";"Vente";"113000.0";"13.0";"None";"RUE VICTOR HUGO";"0491";"77200";"77468";"Torcy";"77";"None";"None";"77468000AE0091";"None";"None";"205";"nan";"None";"nan";"None";"None";"None";"None";"None";"None";"1";"3";"Dépendance";"nan";"0.0";"None";"None";"None";"None";"nan";"2.642604";"48.844414";"000AE"
"2018-734668";"2018-02-09";"1";"Vente";"214950.0";"17.0";"None";"RUE JULES VALLES";"0329";"77200";"77468";"Torcy";"77";"None";"None";"77468000AE0091";"None";"None";"4";"77.53";"None";"nan";"None";"None";"None";"None";"None";"None";"1";"2";"Appartement";"78.0";"4.0";"None";"None";"None";"None";"nan";"2.642604";"48.844414";"000AE"
"2018-734668";"2018-02-09";"1";"Vente";"214950.0";"13.0";"None";"RUE VICTOR HUGO";"0491";"77200";"77468";"Torcy";"77";"None";"None";"77468000AE0091";"None";"None";"218";"nan";"None";"nan";"None";"None";"None";"None";"None";"None";"1";"3";"Dépendance";"nan";"0.0";"None";"None";"None";"None";"nan";"2.642604";"48.844414";"000AE"
"2018-734668";"2018-02-09";"1";"Vente";"214950.0";"17.0";"B";"RUE JULES VALLES";"0329";"77200";"77468";"Torcy";"77";"None";"None";"77468000AE0091";"None";"None";"73";"nan";"None";"nan";"None";"None";"None";"None";"None";"None";"1";"3";"Dépendance";"nan";"0.0";"None";"None";"None";"None";"nan";"2.642604";"48.844414";"000AE"
"2018-734634";"2018-02-06";"1";"Vente";"113400.0";"3.0";"None";"RUE CHARLES BAUDELAIRE";"0101";"77200";"77468";"Torcy";"77";"None";"None";"77468000AE0061";"None";"None";"224";"68.4";"None";"nan";"None";"None";"None";"None";"None";"None";"1";"2";"Appartement";"70.0";"3.0";"None";"None";"None";"None";"nan";"2.646012";"48.843945";"000AE"
"2018-734634";"2018-02-06";"1";"Vente";"113400.0";"1.0";"None";"RUE CHARLES BAUDELAIRE";"0101";"77200";"77468";"Torcy";"77";"None";"None";"77468000AE0061";"None";"None";"260";"nan";"None";"nan";"None";"None";"None";"None";"None";"None";"1";"3";"Dépendance";"nan";"0.0";"None";"None";"None";"None";"nan";"2.646012";"48.843945";"000AE"
"2018-734650";"2018-02-05";"1";"Vente";"187000.0";"1.0";"None";"RUE CHARLES BAUDELAIRE";"0101";"77200";"77468";"Torcy";"77";"None";"None";"77468000AE0061";"None";"None";"212";"79.39";"None";"nan";"None";"None";"None";"None";"None";"None";"1";"2";"Appartement";"80.0";"4.0";"None";"None";"None";"None";"nan";"2.646012";"48.843945";"000AE"
"2018-734650";"2018-02-05";"1";"Vente";"187000.0";"3.0";"None";"RUE CHARLES BAUDELAIRE";"0101";"77200";"77468";"Torcy";"77";"None";"None";"77468000AE0061";"None";"None";"291";"nan";"None";"nan";"None";"None";"None";"None";"None";"None";"1";"3";"Dépendance";"nan";"0.0";"None";"None";"None";"None";"nan";"2.646012";"48.843945";"000AE"
"2018-734188";"2018-01-18";"1";"Vente";"158000.0";"7.0";"None";"RUE JULES VALLES";"0329";"77200";"77468";"Torcy";"77";"None";"None";"77468000AE0059";"None";"None";"15";"61.55";"None";"nan";"None";"None";"None";"None";"None";"None";"1";"2";"Appartement";"60.0";"2.0";"None";"None";"None";"None";"nan";"2.644406";"48.844072";"000AE"
"2018-734188";"2018-01-18";"1";"Vente";"158000.0";"7.0";"None";"RUE JULES VALLES";"0329";"77200";"77468";"Torcy";"77";"None";"None";"77468000AE0059";"None";"None";"73";"nan";"None";"nan";"None";"None";"None";"None";"None";"None";"1";"3";"Dépendance";"nan";"0.0";"None";"None";"None";"None";"nan";"2.644406";"48.844072";"000AE"
"2018-733564";"2018-01-09";"1";"Vente";"155000.0";"9.0";"None";"RUE JULES VALLES";"0329";"77200";"77468";"Torcy";"77";"None";"None";"77468000AE0059";"None";"None";"27";"62.72";"None";"nan";"None";"None";"None";"None";"None";"None";"1";"2";"Appartement";"63.0";"3.0";"None";"None";"None";"None";"nan";"2.644406";"48.844072";"000AE"
"2017-1084068";"2017-12-20";"1";"Vente";"192000.0";"3.0";"None";"RUE JULES VALLES";"0329";"77200";"77468";"Torcy";"77";"None";"None";"77468000AE0057";"None";"None";"16";"70.3";"None";"nan";"None";"None";"None";"None";"None";"None";"1";"2";"Appartement";"69.0";"3.0";"None";"None";"None";"None";"nan";"2.644865";"48.84416";"000AE"
"2017-1084068";"2017-12-20";"1";"Vente";"192000.0";"3.0";"None";"RUE JULES VALLES";"0329";"77200";"77468";"Torcy";"77";"None";"None";"77468000AE0057";"None";"None";"54";"nan";"None";"nan";"None";"None";"None";"None";"None";"None";"1";"3";"Dépendance";"nan";"0.0";"None";"None";"None";"None";"nan";"2.644865";"48.84416";"000AE"
"2017-1083618";"2017-12-01";"1";"Vente";"83000.0";"4.0";"None";"RUE JULES VALLES";"0329";"77200";"77468";"Torcy";"77";"None";"None";"77468000AE0097";"None";"None";"321";"19.5";"None";"nan";"None";"None";"None";"None";"None";"None";"1";"2";"Appartement";"19.0";"1.0";"None";"None";"None";"None";"nan";"2.643909";"48.844734";"000AE"
"2017-1083346";"2017-11-30";"1";"Vente";"199000.0";"3.0";"None";"ALL DE LA CARAVELLE";"0084";"77200";"77468";"Torcy";"77";"None";"None";"77468000AE0158";"None";"None";"24";"80.88";"34";"nan";"None";"None";"None";"None";"None";"None";"2";"2";"Appartement";"80.0";"4.0";"None";"None";"None";"None";"nan";"2.644128";"48.846618";"000AE"
"2017-1083346";"2017-11-30";"1";"Vente";"199000.0";"3.0";"None";"ALL DE LA CARAVELLE";"0084";"77200";"77468";"Torcy";"77";"None";"None";"77468000AE0158";"None";"None";"46";"nan";"None";"nan";"None";"None";"None";"None";"None";"None";"1";"3";"Dépendance";"nan";"0.0";"None";"None";"None";"None";"nan";"2.644128";"48.846618";"000AE"
"2017-1083596";"2017-11-27";"1";"Vente";"175000.0";"3.0";"None";"RUE JULES VALLES";"0329";"77200";"77468";"Torcy";"77";"None";"None";"77468000AE0057";"None";"None";"12";"nan";"None";"nan";"None";"None";"None";"None";"None";"None";"1";"2";"Appartement";"69.0";"3.0";"None";"None";"None";"None";"nan";"2.644865";"48.84416";"000AE"
"2017-1083596";"2017-11-27";"1";"Vente";"175000.0";"3.0";"None";"RUE JULES VALLES";"0329";"77200";"77468";"Torcy";"77";"None";"None";"77468000AE0057";"None";"None";"58";"nan";"None";"nan";"None";"None";"None";"None";"None";"None";"1";"3";"Dépendance";"nan";"0.0";"None";"None";"None";"None";"nan";"2.644865";"48.84416";"000AE"
"2017-1082422";"2017-10-24";"1";"Vente";"203500.0";"15.0";"None";"RUE JULES VALLES";"0329";"77200";"77468";"Torcy";"77";"None";"None";"77468000AE0091";"None";"None";"30";"65.65";"None";"nan";"None";"None";"None";"None";"None";"None";"1";"2";"Appartement";"66.0";"3.0";"None";"None";"None";"None";"nan";"2.642604";"48.844414";"000AE"
"2017-1082422";"2017-10-24";"1";"Vente";"203500.0";"17.0";"B";"RUE JULES VALLES";"0329";"77200";"77468";"Torcy";"77";"None";"None";"77468000AE0091";"None";"None";"49";"nan";"None";"nan";"None";"None";"None";"None";"None";"None";"1";"3";"Dépendance";"nan";"0.0";"None";"None";"None";"None";"nan";"2.642604";"48.844414";"000AE"
"2017-1082794";"2017-10-20";"1";"Vente";"172000.0";"6.0";"None";"RUE JULES VALLES";"0329";"77200";"77468";"Torcy";"77";"None";"None";"77468000AE0091";"None";"None";"124";"47.85";"None";"nan";"None";"None";"None";"None";"None";"None";"1";"2";"Appartement";"47.0";"2.0";"None";"None";"None";"None";"nan";"2.642604";"48.844414";"000AE"
"2017-1082794";"2017-10-20";"1";"Vente";"172000.0";"6.0";"None";"RUE JULES VALLES";"0329";"77200";"77468";"Torcy";"77";"None";"None";"77468000AE0091";"None";"None";"145";"nan";"None";"nan";"None";"None";"None";"None";"None";"None";"1";"3";"Dépendance";"nan";"0.0";"None";"None";"None";"None";"nan";"2.642604";"48.844414";"000AE"
"2017-1081971";"2017-10-13";"1";"Vente";"179000.0";"3.0";"None";"ALL DE LA CARAVELLE";"0084";"77200";"77468";"Torcy";"77";"None";"None";"77468000AE0158";"None";"None";"21";"65.12";"35";"nan";"None";"None";"None";"None";"None";"None";"2";"2";"Appartement";"66.0";"3.0";"None";"None";"None";"None";"nan";"2.644128";"48.846618";"000AE"
"2017-1081971";"2017-10-13";"1";"Vente";"179000.0";"3.0";"None";"ALL DE LA CARAVELLE";"0084";"77200";"77468";"Torcy";"77";"None";"None";"77468000AE0158";"None";"None";"39";"nan";"None";"nan";"None";"None";"None";"None";"None";"None";"1";"3";"Dépendance";"nan";"0.0";"None";"None";"None";"None";"nan";"2.644128";"48.846618";"000AE"
"2017-1081875";"2017-09-22";"1";"Vente";"250000.0";"10.0";"None";"CRS DE L ARCHE GUEDON";"0008";"77200";"77468";"Torcy";"77";"None";"None";"77468000AE0002";"None";"None";"204";"115.21";"None";"nan";"None";"None";"None";"None";"None";"None";"1";"2";"Appartement";"111.0";"6.0";"None";"None";"None";"None";"nan";"2.639724";"48.848981";"000AE"
"2017-1081875";"2017-09-22";"1";"Vente";"250000.0";"9001.0";"None";"RUE DU BEAUREGARD";"0042";"77200";"77468";"Torcy";"77";"None";"None";"77468000AE0002";"None";"None";"112";"nan";"None";"nan";"None";"None";"None";"None";"None";"None";"1";"3";"Dépendance";"nan";"0.0";"None";"None";"None";"None";"nan";"2.639724";"48.848981";"000AE"
"2017-1081090";"2017-08-30";"1";"Vente";"123900.0";"1.0";"None";"RUE CHARLES BAUDELAIRE";"0101";"77200";"77468";"Torcy";"77";"None";"None";"77468000AE0061";"None";"None";"210";"70.8";"None";"nan";"None";"None";"None";"None";"None";"None";"1";"2";"Appartement";"72.0";"3.0";"None";"None";"None";"None";"nan";"2.646012";"48.843945";"000AE"
"2017-1081090";"2017-08-30";"1";"Vente";"123900.0";"1.0";"None";"RUE CHARLES BAUDELAIRE";"0101";"77200";"77468";"Torcy";"77";"None";"None";"77468000AE0061";"None";"None";"261";"nan";"None";"nan";"None";"None";"None";"None";"None";"None";"1";"3";"Dépendance";"nan";"0.0";"None";"None";"None";"None";"nan";"2.646012";"48.843945";"000AE"
"2017-1081000";"2017-08-29";"1";"Vente";"93000.0";"4.0";"None";"RUE JULES VALLES";"0329";"77200";"77468";"Torcy";"77";"None";"None";"77468000AE0097";"None";"None";"312";"19.0";"None";"nan";"None";"None";"None";"None";"None";"None";"1";"2";"Appartement";"19.0";"1.0";"None";"None";"None";"None";"nan";"2.643909";"48.844734";"000AE"
"2017-1080243";"2017-08-21";"1";"Vente";"155000.0";"6.0";"None";"CRS DE L ARCHE GUEDON";"0008";"77200";"77468";"Torcy";"77";"None";"None";"77468000AE0002";"None";"None";"1";"51.66";"None";"nan";"None";"None";"None";"None";"None";"None";"1";"2";"Appartement";"49.0";"2.0";"None";"None";"None";"None";"nan";"2.639724";"48.848981";"000AE"
"2017-1080243";"2017-08-21";"1";"Vente";"155000.0";"9001.0";"None";"RUE DU BEAUREGARD";"0042";"77200";"77468";"Torcy";"77";"None";"None";"77468000AE0002";"None";"None";"88";"nan";"None";"nan";"None";"None";"None";"None";"None";"None";"1";"3";"Dépendance";"nan";"0.0";"None";"None";"None";"None";"nan";"2.639724";"48.848981";"000AE"
"2017-1080110";"2017-08-04";"1";"Vente";"260000.0";"20.0";"None";"RUE DU BEAUREGARD";"0042";"77200";"77468";"Torcy";"77";"None";"None";"77468000AE0021";"None";"None";"9";"84.2";"None";"nan";"None";"None";"None";"None";"None";"None";"1";"1";"Maison";"83.0";"3.0";"S";"sols";"None";"None";"68.0";"2.640977";"48.847877";"000AE"
"2017-1080033";"2017-07-25";"1";"Vente";"80000.0";"2.0";"None";"RUE JULES VALLES";"0329";"77200";"77468";"Torcy";"77";"None";"None";"77468000AE0097";"None";"None";"215";"18.89";"None";"nan";"None";"None";"None";"None";"None";"None";"1";"2";"Appartement";"19.0";"1.0";"None";"None";"None";"None";"nan";"2.643909";"48.844734";"000AE"
"2017-1079477";"2017-07-20";"1";"Vente";"228263.0";"7.0";"None";"ALL PIROUETTE";"0441";"77200";"77468";"Torcy";"77";"None";"None";"77468000AE0002";"None";"None";"235";"83.06";"None";"nan";"None";"None";"None";"None";"None";"None";"1";"2";"Appartement";"81.0";"4.0";"None";"None";"None";"None";"nan";"2.639724";"48.848981";"000AE"
"2017-1079477";"2017-07-20";"1";"Vente";"228263.0";"1.0";"B";"ALL DES VERGERS";"0489";"77200";"77468";"Torcy";"77";"None";"None";"77468000AE0004";"None";"None";"34";"nan";"None";"nan";"None";"None";"None";"None";"None";"None";"1";"3";"Dépendance";"nan";"0.0";"None";"None";"None";"None";"nan";"2.641593";"48.849258";"000AE"
"2017-1078944";"2017-07-13";"1";"Vente";"150500.0";"7.0";"None";"RUE JULES VALLES";"0329";"77200";"77468";"Torcy";"77";"None";"None";"77468000AE0059";"None";"None";"14";"52.91";"None";"nan";"None";"None";"None";"None";"None";"None";"1";"2";"Appartement";"53.0";"2.0";"None";"None";"None";"None";"nan";"2.644406";"48.844072";"000AE"
"2017-1078944";"2017-07-13";"1";"Vente";"150500.0";"7.0";"None";"RUE JULES VALLES";"0329";"77200";"77468";"Torcy";"77";"None";"None";"77468000AE0059";"None";"None";"74";"nan";"None";"nan";"None";"None";"None";"None";"None";"None";"1";"3";"Dépendance";"nan";"0.0";"None";"None";"None";"None";"nan";"2.644406";"48.844072";"000AE"
"2017-1078182";"2017-06-23";"1";"Vente";"200000.0";"13.0";"None";"ALL PIROUETTE";"0441";"77200";"77468";"Torcy";"77";"None";"None";"77468000AE0002";"None";"None";"175";"71.87";"None";"nan";"None";"None";"None";"None";"None";"None";"1";"2";"Appartement";"67.0";"3.0";"None";"None";"None";"None";"nan";"2.639724";"48.848981";"000AE"
"2017-1078182";"2017-06-23";"1";"Vente";"200000.0";"1.0";"B";"ALL DES VERGERS";"0489";"77200";"77468";"Torcy";"77";"None";"None";"77468000AE0004";"None";"None";"24";"nan";"None";"nan";"None";"None";"None";"None";"None";"None";"1";"3";"Dépendance";"nan";"0.0";"None";"None";"None";"None";"nan";"2.641593";"48.849258";"000AE"
"2017-1077561";"2017-06-06";"1";"Vente";"194000.0";"3.0";"None";"RUE JULES VALLES";"0329";"77200";"77468";"Torcy";"77";"None";"None";"77468000AE0057";"None";"None";"14";"64.04";"None";"nan";"None";"None";"None";"None";"None";"None";"1";"2";"Appartement";"69.0";"3.0";"None";"None";"None";"None";"nan";"2.644865";"48.84416";"000AE"
"2017-1077561";"2017-06-06";"1";"Vente";"194000.0";"3.0";"None";"RUE JULES VALLES";"0329";"77200";"77468";"Torcy";"77";"None";"None";"77468000AE0057";"None";"None";"56";"nan";"None";"nan";"None";"None";"None";"None";"None";"None";"1";"3";"Dépendance";"nan";"0.0";"None";"None";"None";"None";"nan";"2.644865";"48.84416";"000AE"
"2017-1077833";"2017-05-24";"1";"Vente";"14000.0";"9001.0";"None";"RUE DU BEAUREGARD";"0042";"77200";"77468";"Torcy";"77";"None";"None";"77468000AE0002";"None";"None";"39";"nan";"None";"nan";"None";"None";"None";"None";"None";"None";"1";"3";"Dépendance";"nan";"0.0";"None";"None";"None";"None";"nan";"2.639724";"48.848981";"000AE"
"2017-1077143";"2017-05-19";"1";"Vente";"155000.0";"6.0";"None";"RUE JULES VALLES";"0329";"77200";"77468";"Torcy";"77";"None";"None";"77468000AE0091";"None";"None";"126";"47.5";"None";"nan";"None";"None";"None";"None";"None";"None";"1";"2";"Appartement";"47.0";"2.0";"None";"None";"None";"None";"nan";"2.642604";"48.844414";"000AE"
"2017-1077143";"2017-05-19";"1";"Vente";"155000.0";"17.0";"B";"RUE JULES VALLES";"0329";"77200";"77468";"Torcy";"77";"None";"None";"77468000AE0091";"None";"None";"66";"nan";"None";"nan";"None";"None";"None";"None";"None";"None";"1";"3";"Dépendance";"nan";"0.0";"None";"None";"None";"None";"nan";"2.642604";"48.844414";"000AE"
"2017-1075872";"2017-03-31";"1";"Vente";"125000.0";"5.0";"None";"ALL DUMONT D URVILLE";"0127";"77200";"77468";"Torcy";"77";"None";"None";"77468000AE0021";"None";"None";"25";"94.72";"None";"nan";"None";"None";"None";"None";"None";"None";"1";"1";"Maison";"91.0";"4.0";"S";"sols";"None";"None";"101.0";"2.640977";"48.847877";"000AE"
"2017-1075559";"2017-03-23";"1";"Vente";"11500.0";"9001.0";"None";"RUE DU BEAUREGARD";"0042";"77200";"77468";"Torcy";"77";"None";"None";"77468000AE0002";"None";"None";"80";"nan";"None";"nan";"None";"None";"None";"None";"None";"None";"1";"3";"Dépendance";"nan";"0.0";"None";"None";"None";"None";"nan";"2.639724";"48.848981";"000AE"
"2017-1075805";"2017-03-17";"1";"Vente";"145980.0";"7.0";"None";"RUE CHARLES BAUDELAIRE";"0101";"77200";"77468";"Torcy";"77";"None";"None";"77468000AE0061";"None";"None";"207";"nan";"None";"nan";"None";"None";"None";"None";"None";"None";"1";"2";"Appartement";"83.0";"4.0";"None";"None";"None";"None";"nan";"2.646012";"48.843945";"000AE"
"2017-1075805";"2017-03-17";"1";"Vente";"145980.0";"3.0";"None";"RUE CHARLES BAUDELAIRE";"0101";"77200";"77468";"Torcy";"77";"None";"None";"77468000AE0061";"None";"None";"304";"nan";"None";"nan";"None";"None";"None";"None";"None";"None";"1";"3";"Dépendance";"nan";"0.0";"None";"None";"None";"None";"nan";"2.646012";"48.843945";"000AE"
"2017-1074812";"2017-02-27";"1";"Vente";"1.0";"nan";"None";"CRS DES LACS";"0273";"77200";"77468";"Torcy";"77";"None";"None";"77468000AE0178";"None";"None";"None";"nan";"None";"nan";"None";"None";"None";"None";"None";"None";"0";"None";"None";"nan";"nan";"S";"sols";"None";"None";"9113.0";"2.642658";"48.843639";"000AE"
"2017-1075322";"2017-02-25";"1";"Vente";"145000.0";"17.0";"None";"RUE JULES VALLES";"0329";"77200";"77468";"Torcy";"77";"None";"None";"77468000AE0091";"None";"None";"17";"48.0";"None";"nan";"None";"None";"None";"None";"None";"None";"1";"2";"Appartement";"46.0";"2.0";"None";"None";"None";"None";"nan";"2.642604";"48.844414";"000AE"
"2017-1075322";"2017-02-25";"1";"Vente";"145000.0";"17.0";"B";"RUE JULES VALLES";"0329";"77200";"77468";"Torcy";"77";"None";"None";"77468000AE0091";"None";"None";"71";"nan";"None";"nan";"None";"None";"None";"None";"None";"None";"1";"3";"Dépendance";"nan";"0.0";"None";"None";"None";"None";"nan";"2.642604";"48.844414";"000AE"
"2017-1076239";"2017-01-05";"1";"Adjudication";"134000.0";"21.0";"None";"ALL PIROUETTE";"0441";"77200";"77468";"Torcy";"77";"None";"None";"77468000AE0002";"None";"None";"63";"nan";"None";"nan";"None";"None";"None";"None";"None";"None";"1";"2";"Appartement";"87.0";"4.0";"None";"None";"None";"None";"nan";"2.639724";"48.848981";"000AE"
"2017-1076239";"2017-01-05";"1";"Adjudication";"134000.0";"9001.0";"None";"RUE DU BEAUREGARD";"0042";"77200";"77468";"Torcy";"77";"None";"None";"77468000AE0002";"None";"None";"76";"nan";"None";"nan";"None";"None";"None";"None";"None";"None";"1";"3";"Dépendance";"nan";"0.0";"None";"None";"None";"None";"nan";"2.639724";"48.848981";"000AE"
"2016-961998";"2016-12-29";"1";"Vente";"225000.0";"5.0";"None";"ALL PIROUETTE";"0441";"77200";"77468";"Torcy";"77";"None";"None";"77468000AE0002";"None";"None";"262";"85.52";"None";"nan";"None";"None";"None";"None";"None";"None";"1";"2";"Appartement";"82.0";"4.0";"None";"None";"None";"None";"nan";"2.639724";"48.848981";"000AE"
"2016-962136";"2016-12-29";"1";"Vente";"79500.0";"2.0";"None";"RUE JULES VALLES";"0329";"77200";"77468";"Torcy";"77";"None";"None";"77468000AE0097";"None";"None";"227";"19.81";"None";"nan";"None";"None";"None";"None";"None";"None";"1";"2";"Appartement";"19.0";"1.0";"None";"None";"None";"None";"nan";"2.643909";"48.844734";"000AE"
"2016-961998";"2016-12-29";"1";"Vente";"225000.0";"1.0";"B";"ALL DES VERGERS";"0489";"77200";"77468";"Torcy";"77";"None";"None";"77468000AE0004";"None";"None";"7";"nan";"None";"nan";"None";"None";"None";"None";"None";"None";"1";"3";"Dépendance";"nan";"0.0";"None";"None";"None";"None";"nan";"2.641593";"48.849258";"000AE"
"2016-962545";"2016-12-24";"1";"Vente";"189000.0";"4.0";"None";"RUE VICTOR HUGO";"0491";"77200";"77468";"Torcy";"77";"None";"None";"77468000AE0057";"None";"None";"29";"69.26";"None";"nan";"None";"None";"None";"None";"None";"None";"1";"2";"Appartement";"69.0";"3.0";"None";"None";"None";"None";"nan";"2.644865";"48.84416";"000AE"
"2016-962545";"2016-12-24";"1";"Vente";"189000.0";"4.0";"None";"RUE VICTOR HUGO";"0491";"77200";"77468";"Torcy";"77";"None";"None";"77468000AE0057";"None";"None";"79";"nan";"None";"nan";"None";"None";"None";"None";"None";"None";"1";"3";"Dépendance";"nan";"0.0";"None";"None";"None";"None";"nan";"2.644865";"48.84416";"000AE"
"2016-961700";"2016-11-29";"1";"Vente";"264000.0";"18.0";"None";"ALL DES VERGERS";"0489";"77200";"77468";"Torcy";"77";"None";"None";"77468000AE0015";"None";"None";"5";"94.36";"None";"nan";"None";"None";"None";"None";"None";"None";"1";"1";"Maison";"91.0";"4.0";"S";"sols";"None";"None";"1.0";"2.639248";"48.848453";"000AE"
"2016-961051";"2016-11-29";"1";"Vente";"1.0";"nan";"None";"RUE DU BEAUREGARD";"0042";"77200";"77468";"Torcy";"77";"None";"None";"77468000AE0208";"None";"None";"None";"nan";"None";"nan";"None";"None";"None";"None";"None";"None";"0";"None";"None";"nan";"nan";"S";"sols";"None";"None";"4431.0";"2.64209";"48.848264";"000AE"
"2016-961051";"2016-11-29";"1";"Vente";"1.0";"nan";"None";"ALL DE LA CARAVELLE";"0084";"77200";"77468";"Torcy";"77";"None";"None";"77468000AE0215";"None";"None";"None";"nan";"None";"nan";"None";"None";"None";"None";"None";"None";"0";"None";"None";"nan";"nan";"S";"sols";"None";"None";"3480.0";"2.643312";"48.846293";"000AE"
"2016-958710";"2016-09-09";"1";"Vente";"246000.0";"2.0";"None";"ALL DUMONT D URVILLE";"0127";"77200";"77468";"Torcy";"77";"None";"None";"77468000AE0015";"None";"None";"11";"91.59";"None";"nan";"None";"None";"None";"None";"None";"None";"1";"1";"Maison";"91.0";"4.0";"S";"sols";"None";"None";"1.0";"2.639248";"48.848453";"000AE"
"2016-959147";"2016-09-09";"1";"Vente";"181000.0";"3.0";"None";"ALL DE LA CARAVELLE";"0084";"77200";"77468";"Torcy";"77";"None";"None";"77468000AE0158";"None";"None";"31";"nan";"9";"66.37";"None";"None";"None";"None";"None";"None";"2";"2";"Appartement";"66.0";"3.0";"None";"None";"None";"None";"nan";"2.644128";"48.846618";"000AE"
"2016-959147";"2016-09-09";"1";"Vente";"181000.0";"3.0";"None";"ALL DE LA CARAVELLE";"0084";"77200";"77468";"Torcy";"77";"None";"None";"77468000AE0158";"None";"None";"38";"nan";"None";"nan";"None";"None";"None";"None";"None";"None";"1";"3";"Dépendance";"nan";"0.0";"None";"None";"None";"None";"nan";"2.644128";"48.846618";"000AE"
"2016-958985";"2016-08-31";"1";"Vente";"170000.0";"11.0";"None";"RUE JULES VALLES";"0329";"77200";"77468";"Torcy";"77";"None";"None";"77468000AE0059";"None";"None";"38";"62.91";"None";"nan";"None";"None";"None";"None";"None";"None";"1";"2";"Appartement";"63.0";"3.0";"None";"None";"None";"None";"nan";"2.644406";"48.844072";"000AE"
"2016-958985";"2016-08-31";"1";"Vente";"170000.0";"7.0";"None";"RUE JULES VALLES";"0329";"77200";"77468";"Torcy";"77";"None";"None";"77468000AE0059";"None";"None";"90";"nan";"None";"nan";"None";"None";"None";"None";"None";"None";"1";"3";"Dépendance";"nan";"0.0";"None";"None";"None";"None";"nan";"2.644406";"48.844072";"000AE"
"2016-958295";"2016-08-25";"1";"Vente";"280000.0";"4.0";"None";"ALL DUMONT D URVILLE";"0127";"77200";"77468";"Torcy";"77";"None";"None";"77468000AE0015";"None";"None";"12";"97.36";"None";"nan";"None";"None";"None";"None";"None";"None";"1";"1";"Maison";"91.0";"4.0";"S";"sols";"None";"None";"86.0";"2.639248";"48.848453";"000AE"
"2016-958953";"2016-08-25";"1";"Vente";"134160.0";"7.0";"None";"RUE CHARLES BAUDELAIRE";"0101";"77200";"77468";"Torcy";"77";"None";"None";"77468000AE0061";"None";"None";"250";"nan";"None";"nan";"None";"None";"None";"None";"None";"None";"1";"2";"Appartement";"70.0";"3.0";"None";"None";"None";"None";"nan";"2.646012";"48.843945";"000AE"
"2016-958297";"2016-08-25";"1";"Vente";"12000.0";"9001.0";"None";"RUE DU BEAUREGARD";"0042";"77200";"77468";"Torcy";"77";"None";"None";"77468000AE0002";"None";"None";"38";"nan";"None";"nan";"None";"None";"None";"None";"None";"None";"1";"3";"Dépendance";"nan";"0.0";"None";"None";"None";"None";"nan";"2.639724";"48.848981";"000AE"
"2016-958953";"2016-08-25";"1";"Vente";"134160.0";"3.0";"None";"RUE CHARLES BAUDELAIRE";"0101";"77200";"77468";"Torcy";"77";"None";"None";"77468000AE0061";"None";"None";"284";"nan";"None";"nan";"None";"None";"None";"None";"None";"None";"1";"3";"Dépendance";"nan";"0.0";"None";"None";"None";"None";"nan";"2.646012";"48.843945";"000AE"
"2016-958739";"2016-08-17";"1";"Vente";"132990.0";"1.0";"None";"RUE CHARLES BAUDELAIRE";"0101";"77200";"77468";"Torcy";"77";"None";"None";"77468000AE0061";"None";"None";"232";"nan";"None";"nan";"None";"None";"None";"None";"None";"None";"1";"2";"Appartement";"69.0";"3.0";"None";"None";"None";"None";"nan";"2.646012";"48.843945";"000AE"
"2016-958739";"2016-08-17";"1";"Vente";"132990.0";"3.0";"None";"RUE CHARLES BAUDELAIRE";"0101";"77200";"77468";"Torcy";"77";"None";"None";"77468000AE0061";"None";"None";"307";"nan";"None";"nan";"None";"None";"None";"None";"None";"None";"1";"3";"Dépendance";"nan";"0.0";"None";"None";"None";"None";"nan";"2.646012";"48.843945";"000AE"
"2016-957775";"2016-07-29";"1";"Vente";"261000.0";"25.0";"None";"ALL PIROUETTE";"0441";"77200";"77468";"Torcy";"77";"None";"None";"77468000AE0002";"None";"None";"23";"115.26";"None";"nan";"None";"None";"None";"None";"None";"None";"1";"2";"Appartement";"111.0";"6.0";"None";"None";"None";"None";"nan";"2.639724";"48.848981";"000AE"
"2016-957775";"2016-07-29";"1";"Vente";"261000.0";"9001.0";"None";"RUE DU BEAUREGARD";"0042";"77200";"77468";"Torcy";"77";"None";"None";"77468000AE0002";"None";"None";"40";"nan";"None";"nan";"None";"None";"None";"None";"None";"None";"1";"3";"Dépendance";"nan";"0.0";"None";"None";"None";"None";"nan";"2.639724";"48.848981";"000AE"
"2016-956620";"2016-06-17";"1";"Vente";"96000.0";"6.0";"None";"RUE JULES VALLES";"0329";"77200";"77468";"Torcy";"77";"None";"None";"77468000AE0091";"None";"None";"108";"28.0";"None";"nan";"None";"None";"None";"None";"None";"None";"1";"2";"Appartement";"27.0";"1.0";"None";"None";"None";"None";"nan";"2.642604";"48.844414";"000AE"
"2016-956620";"2016-06-17";"1";"Vente";"96000.0";"13.0";"None";"RUE VICTOR HUGO";"0491";"77200";"77468";"Torcy";"77";"None";"None";"77468000AE0091";"None";"None";"202";"nan";"None";"nan";"None";"None";"None";"None";"None";"None";"1";"3";"Dépendance";"nan";"0.0";"None";"None";"None";"None";"nan";"2.642604";"48.844414";"000AE"
"2016-955210";"2016-05-16";"1";"Vente";"177000.0";"11.0";"None";"RUE JULES VALLES";"0329";"77200";"77468";"Torcy";"77";"None";"None";"77468000AE0059";"None";"None";"41";"64.02";"None";"nan";"None";"None";"None";"None";"None";"None";"1";"2";"Appartement";"63.0";"3.0";"None";"None";"None";"None";"nan";"2.644406";"48.844072";"000AE"
"2016-955210";"2016-05-16";"1";"Vente";"177000.0";"7.0";"None";"RUE JULES VALLES";"0329";"77200";"77468";"Torcy";"77";"None";"None";"77468000AE0059";"None";"None";"108";"nan";"None";"nan";"None";"None";"None";"None";"None";"None";"1";"3";"Dépendance";"nan";"0.0";"None";"None";"None";"None";"nan";"2.644406";"48.844072";"000AE"
"2016-955127";"2016-05-04";"1";"Vente";"243000.0";"21.0";"None";"ALL DUMONT D URVILLE";"0127";"77200";"77468";"Torcy";"77";"None";"None";"77468000AE0015";"None";"None";"23";"108.8";"None";"nan";"None";"None";"None";"None";"None";"None";"1";"1";"Maison";"91.0";"4.0";"S";"sols";"None";"None";"91.0";"2.639248";"48.848453";"000AE"
"2016-955213";"2016-04-15";"1";"Vente";"188730.0";"17.0";"None";"RUE JULES VALLES";"0329";"77200";"77468";"Torcy";"77";"None";"None";"77468000AE0091";"None";"None";"13";"66.29";"None";"nan";"None";"None";"None";"None";"None";"None";"1";"2";"Appartement";"66.0";"3.0";"None";"None";"None";"None";"nan";"2.642604";"48.844414";"000AE"
"2016-955213";"2016-04-15";"1";"Vente";"188730.0";"17.0";"B";"RUE JULES VALLES";"0329";"77200";"77468";"Torcy";"77";"None";"None";"77468000AE0091";"None";"None";"74";"nan";"None";"nan";"None";"None";"None";"None";"None";"None";"1";"3";"Dépendance";"nan";"0.0";"None";"None";"None";"None";"nan";"2.642604";"48.844414";"000AE"
"2016-954438";"2016-03-29";"1";"Vente";"213000.0";"13.0";"None";"RUE JULES VALLES";"0329";"77200";"77468";"Torcy";"77";"None";"None";"77468000AE0059";"None";"None";"62";"101.2";"None";"nan";"None";"None";"None";"None";"None";"None";"1";"2";"Appartement";"104.0";"4.0";"None";"None";"None";"None";"nan";"2.644406";"48.844072";"000AE"
"2016-954438";"2016-03-29";"1";"Vente";"213000.0";"7.0";"None";"RUE JULES VALLES";"0329";"77200";"77468";"Torcy";"77";"None";"None";"77468000AE0059";"None";"None";"105";"nan";"None";"nan";"None";"None";"None";"None";"None";"None";"1";"3";"Dépendance";"nan";"0.0";"None";"None";"None";"None";"nan";"2.644406";"48.844072";"000AE"
"2016-954739";"2016-03-26";"1";"Vente";"277900.0";"3.0";"None";"ALL DU COMMANDANT CHARCOT";"0116";"77200";"77468";"Torcy";"77";"None";"None";"77468000AE0015";"None";"None";"39";"93.0";"None";"nan";"None";"None";"None";"None";"None";"None";"1";"1";"Maison";"91.0";"4.0";"S";"sols";"None";"None";"113.0";"2.639248";"48.848453";"000AE"
"2016-954116";"2016-03-25";"1";"Vente";"295000.0";"26.0";"None";"RUE DU BEAUREGARD";"0042";"77200";"77468";"Torcy";"77";"None";"None";"77468000AE0021";"None";"None";"12";"125.0";"None";"nan";"None";"None";"None";"None";"None";"None";"1";"1";"Maison";"122.0";"6.0";"S";"sols";"None";"None";"139.0";"2.640977";"48.847877";"000AE"
"2016-953714";"2016-03-08";"1";"Vente";"136000.0";"13.0";"None";"RUE JULES VALLES";"0329";"77200";"77468";"Torcy";"77";"None";"None";"77468000AE0059";"None";"None";"54";"53.07";"None";"nan";"None";"None";"None";"None";"None";"None";"1";"2";"Appartement";"54.0";"2.0";"None";"None";"None";"None";"nan";"2.644406";"48.844072";"000AE"
"2016-953610";"2016-03-04";"1";"Vente";"11300.0";"nan";"None";"RUE DU BEAUREGARD";"0042";"77200";"77468";"Torcy";"77";"None";"None";"77468000AE0095";"None";"None";"None";"nan";"None";"nan";"None";"None";"None";"None";"None";"None";"0";"None";"None";"nan";"nan";"S";"sols";"None";"None";"263.0";"2.644428";"48.848069";"000AE"
"2016-953611";"2016-03-04";"1";"Vente";"1.0";"nan";"None";"RUE JULES VALLES";"0329";"77200";"77468";"Torcy";"77";"None";"None";"77468000AE0224";"None";"None";"None";"nan";"None";"nan";"None";"None";"None";"None";"None";"None";"0";"None";"None";"nan";"nan";"S";"sols";"None";"None";"20.0";"2.642901";"48.844596";"000AE"
"2016-953611";"2016-03-04";"1";"Vente";"1.0";"nan";"None";"RUE JULES VALLES";"0329";"77200";"77468";"Torcy";"77";"None";"None";"77468000AE0225";"None";"None";"None";"nan";"None";"nan";"None";"None";"None";"None";"None";"None";"0";"None";"None";"nan";"nan";"S";"sols";"None";"None";"19.0";"2.645872";"48.844126";"000AE"
"2016-953611";"2016-03-04";"1";"Vente";"1.0";"nan";"None";"RUE JULES VALLES";"0329";"77200";"77468";"Torcy";"77";"None";"None";"77468000AE0228";"None";"None";"None";"nan";"None";"nan";"None";"None";"None";"None";"None";"None";"0";"None";"None";"nan";"nan";"S";"sols";"None";"None";"11830.0";"2.644169";"48.844511";"000AE"
"2016-952733";"2016-01-22";"1";"Vente";"225000.0";"1.0";"None";"ALL DU COMMANDANT CHARCOT";"0116";"77200";"77468";"Torcy";"77";"None";"None";"77468000AE0015";"None";"None";"40";"81.11";"None";"nan";"None";"None";"None";"None";"None";"None";"1";"1";"Maison";"83.0";"3.0";"S";"sols";"None";"None";"76.0";"2.639248";"48.848453";"000AE"
"2016-952990";"2016-01-15";"1";"Vente";"149040.0";"3.0";"None";"RUE CHARLES BAUDELAIRE";"0101";"77200";"77468";"Torcy";"77";"None";"None";"77468000AE0061";"None";"None";"204";"nan";"None";"nan";"None";"None";"None";"None";"None";"None";"1";"2";"Appartement";"91.0";"4.0";"None";"None";"None";"None";"nan";"2.646012";"48.843945";"000AE"
"2016-952990";"2016-01-15";"1";"Vente";"149040.0";"1.0";"None";"RUE CHARLES BAUDELAIRE";"0101";"77200";"77468";"Torcy";"77";"None";"None";"77468000AE0061";"None";"None";"275";"nan";"None";"nan";"None";"None";"None";"None";"None";"None";"1";"3";"Dépendance";"nan";"0.0";"None";"None";"None";"None";"nan";"2.646012";"48.843945";"000AE"
"2016-952565";"2016-01-06";"1";"Vente";"179900.0";"16.0";"None";"CRS DE L ARCHE GUEDON";"0008";"77200";"77468";"Torcy";"77";"None";"None";"77468000AE0002";"None";"None";"336";"70.11";"None";"nan";"None";"None";"None";"None";"None";"None";"1";"2";"Appartement";"67.0";"3.0";"None";"None";"None";"None";"nan";"2.639724";"48.848981";"000AE"
"2015-894732";"2015-12-22";"1";"Vente";"193000.0";"6.0";"None";"RUE JULES VALLES";"0329";"77200";"77468";"Torcy";"77";"None";"None";"77468000AE0091";"None";"None";"106";"69.52";"169";"nan";"None";"None";"None";"None";"None";"None";"2";"2";"Appartement";"69.0";"3.0";"None";"None";"None";"None";"nan";"2.642604";"48.844414";"000AE"
"2015-894732";"2015-12-22";"1";"Vente";"193000.0";"6.0";"None";"RUE JULES VALLES";"0329";"77200";"77468";"Torcy";"77";"None";"None";"77468000AE0091";"None";"None";"156";"nan";"None";"nan";"None";"None";"None";"None";"None";"None";"1";"3";"Dépendance";"nan";"0.0";"None";"None";"None";"None";"nan";"2.642604";"48.844414";"000AE"
"2015-894850";"2015-12-09";"1";"Vente";"119140.0";"3.0";"None";"RUE CHARLES BAUDELAIRE";"0101";"77200";"77468";"Torcy";"77";"None";"None";"77468000AE0061";"None";"None";"255";"nan";"None";"nan";"None";"None";"None";"None";"None";"None";"1";"2";"Appartement";"52.0";"2.0";"None";"None";"None";"None";"nan";"2.646012";"48.843945";"000AE"
"2015-894850";"2015-12-09";"1";"Vente";"119140.0";"1.0";"None";"RUE CHARLES BAUDELAIRE";"0101";"77200";"77468";"Torcy";"77";"None";"None";"77468000AE0061";"None";"None";"271";"nan";"None";"nan";"None";"None";"None";"None";"None";"None";"1";"3";"Dépendance";"nan";"0.0";"None";"None";"None";"None";"nan";"2.646012";"48.843945";"000AE"
"2015-893839";"2015-11-19";"1";"Vente";"153600.0";"29.0";"None";"ALL PIROUETTE";"0441";"77200";"77468";"Torcy";"77";"None";"None";"77468000AE0002";"None";"None";"6";"nan";"None";"nan";"None";"None";"None";"None";"None";"None";"1";"2";"Appartement";"51.0";"2.0";"None";"None";"None";"None";"nan";"2.639724";"48.848981";"000AE"
"2015-893839";"2015-11-19";"1";"Vente";"153600.0";"9001.0";"None";"RUE DU BEAUREGARD";"0042";"77200";"77468";"Torcy";"77";"None";"None";"77468000AE0002";"None";"None";"87";"nan";"None";"nan";"None";"None";"None";"None";"None";"None";"1";"3";"Dépendance";"nan";"0.0";"None";"None";"None";"None";"nan";"2.639724";"48.848981";"000AE"
"2015-894087";"2015-11-17";"1";"Vente";"160000.0";"15.0";"None";"RUE JULES VALLES";"0329";"77200";"77468";"Torcy";"77";"None";"None";"77468000AE0091";"None";"None";"37";"48.3";"None";"nan";"None";"None";"None";"None";"None";"None";"1";"2";"Appartement";"46.0";"2.0";"None";"None";"None";"None";"nan";"2.642604";"48.844414";"000AE"
"2015-894087";"2015-11-17";"1";"Vente";"160000.0";"17.0";"B";"RUE JULES VALLES";"0329";"77200";"77468";"Torcy";"77";"None";"None";"77468000AE0091";"None";"None";"70";"nan";"None";"nan";"None";"None";"None";"None";"None";"None";"1";"3";"Dépendance";"nan";"0.0";"None";"None";"None";"None";"nan";"2.642604";"48.844414";"000AE"
"2015-893670";"2015-11-13";"1";"Vente";"215000.0";"25.0";"None";"ALL PIROUETTE";"0441";"77200";"77468";"Torcy";"77";"None";"None";"77468000AE0002";"None";"None";"28";"66.0";"None";"nan";"None";"None";"None";"None";"None";"None";"1";"2";"Appartement";"67.0";"3.0";"None";"None";"None";"None";"nan";"2.639724";"48.848981";"000AE"
"2015-893670";"2015-11-13";"1";"Vente";"215000.0";"9001.0";"None";"RUE DU BEAUREGARD";"0042";"77200";"77468";"Torcy";"77";"None";"None";"77468000AE0002";"None";"None";"36";"nan";"None";"nan";"None";"None";"None";"None";"None";"None";"1";"3";"Dépendance";"nan";"0.0";"None";"None";"None";"None";"nan";"2.639724";"48.848981";"000AE"
"2015-894028";"2015-11-05";"1";"Vente";"155000.0";"7.0";"None";"RUE JULES VALLES";"0329";"77200";"77468";"Torcy";"77";"None";"None";"77468000AE0059";"None";"None";"18";"59.83";"None";"nan";"None";"None";"None";"None";"None";"None";"1";"2";"Appartement";"64.0";"2.0";"None";"None";"None";"None";"nan";"2.644406";"48.844072";"000AE"
"2015-894028";"2015-11-05";"1";"Vente";"155000.0";"7.0";"None";"RUE JULES VALLES";"0329";"77200";"77468";"Torcy";"77";"None";"None";"77468000AE0059";"None";"None";"76";"nan";"None";"nan";"None";"None";"None";"None";"None";"None";"1";"3";"Dépendance";"nan";"0.0";"None";"None";"None";"None";"nan";"2.644406";"48.844072";"000AE"
"2015-893333";"2015-10-30";"1";"Vente";"210000.0";"3.0";"None";"ALL DE LA CARAVELLE";"0084";"77200";"77468";"Torcy";"77";"None";"None";"77468000AE0158";"None";"None";"22";"96.02";"None";"nan";"None";"None";"None";"None";"None";"None";"1";"2";"Appartement";"94.0";"5.0";"None";"None";"None";"None";"nan";"2.644128";"48.846618";"000AE"
"2015-893333";"2015-10-30";"1";"Vente";"210000.0";"3.0";"None";"ALL DE LA CARAVELLE";"0084";"77200";"77468";"Torcy";"77";"None";"None";"77468000AE0158";"None";"None";"59";"nan";"None";"nan";"None";"None";"None";"None";"None";"None";"1";"3";"Dépendance";"nan";"0.0";"None";"None";"None";"None";"nan";"2.644128";"48.846618";"000AE"
"2015-893344";"2015-10-19";"1";"Vente";"190000.0";"3.0";"None";"ALL DE LA CARAVELLE";"0084";"77200";"77468";"Torcy";"77";"None";"None";"77468000AE0158";"None";"None";"7";"82.89";"None";"nan";"None";"None";"None";"None";"None";"None";"1";"2";"Appartement";"82.0";"4.0";"None";"None";"None";"None";"nan";"2.644128";"48.846618";"000AE"
"2015-893344";"2015-10-19";"1";"Vente";"190000.0";"3.0";"None";"ALL DE LA CARAVELLE";"0084";"77200";"77468";"Torcy";"77";"None";"None";"77468000AE0158";"None";"None";"52";"nan";"None";"nan";"None";"None";"None";"None";"None";"None";"1";"3";"Dépendance";"nan";"0.0";"None";"None";"None";"None";"nan";"2.644128";"48.846618";"000AE"
"2015-892921";"2015-10-01";"1";"Vente";"185000.0";"6.0";"None";"RUE JULES VALLES";"0329";"77200";"77468";"Torcy";"77";"None";"None";"77468000AE0091";"None";"None";"117";"68.39";"None";"nan";"None";"None";"None";"None";"None";"None";"1";"2";"Appartement";"68.0";"3.0";"None";"None";"None";"None";"nan";"2.642604";"48.844414";"000AE"
"2015-892921";"2015-10-01";"1";"Vente";"185000.0";"6.0";"None";"RUE JULES VALLES";"0329";"77200";"77468";"Torcy";"77";"None";"None";"77468000AE0091";"None";"None";"148";"nan";"None";"nan";"None";"None";"None";"None";"None";"None";"1";"3";"Dépendance";"nan";"0.0";"None";"None";"None";"None";"nan";"2.642604";"48.844414";"000AE"
"2015-892693";"2015-09-21";"1";"Vente";"195000.0";"15.0";"None";"RUE JULES VALLES";"0329";"77200";"77468";"Torcy";"77";"None";"None";"77468000AE0091";"None";"None";"30";"65.65";"None";"nan";"None";"None";"None";"None";"None";"None";"1";"2";"Appartement";"66.0";"3.0";"None";"None";"None";"None";"nan";"2.642604";"48.844414";"000AE"
"2015-892693";"2015-09-21";"1";"Vente";"195000.0";"17.0";"B";"RUE JULES VALLES";"0329";"77200";"77468";"Torcy";"77";"None";"None";"77468000AE0091";"None";"None";"49";"nan";"None";"nan";"None";"None";"None";"None";"None";"None";"1";"3";"Dépendance";"nan";"0.0";"None";"None";"None";"None";"nan";"2.642604";"48.844414";"000AE"
"2015-892303";"2015-09-08";"1";"Vente";"174220.0";"6.0";"None";"RUE JULES VALLES";"0329";"77200";"77468";"Torcy";"77";"None";"None";"77468000AE0091";"None";"None";"101";"58.17";"170";"nan";"None";"None";"None";"None";"None";"None";"2";"2";"Appartement";"58.0";"3.0";"None";"None";"None";"None";"nan";"2.642604";"48.844414";"000AE"
"2015-892303";"2015-09-08";"1";"Vente";"174220.0";"6.0";"None";"RUE JULES VALLES";"0329";"77200";"77468";"Torcy";"77";"None";"None";"77468000AE0091";"None";"None";"152";"nan";"None";"nan";"None";"None";"None";"None";"None";"None";"1";"3";"Dépendance";"nan";"0.0";"None";"None";"None";"None";"nan";"2.642604";"48.844414";"000AE"
"2015-892104";"2015-09-03";"1";"Vente";"186000.0";"3.0";"None";"ALL DE LA CARAVELLE";"0084";"77200";"77468";"Torcy";"77";"None";"None";"77468000AE0158";"None";"None";"18";"80.6";"32";"nan";"None";"None";"None";"None";"None";"None";"2";"2";"Appartement";"80.0";"4.0";"None";"None";"None";"None";"nan";"2.644128";"48.846618";"000AE"
"2015-892104";"2015-09-03";"1";"Vente";"186000.0";"3.0";"None";"ALL DE LA CARAVELLE";"0084";"77200";"77468";"Torcy";"77";"None";"None";"77468000AE0158";"None";"None";"55";"nan";"None";"nan";"None";"None";"None";"None";"None";"None";"1";"3";"Dépendance";"nan";"0.0";"None";"None";"None";"None";"nan";"2.644128";"48.846618";"000AE"
"2015-891766";"2015-09-03";"1";"Vente";"1.0";"nan";"None";"PROM DU GALION";"0177";"77200";"77468";"Torcy";"77";"None";"None";"77468000AE0123";"None";"None";"None";"nan";"None";"nan";"None";"None";"None";"None";"None";"None";"0";"None";"None";"nan";"nan";"S";"sols";"None";"None";"10.0";"2.641734";"48.847146";"000AE"
"2015-891766";"2015-09-03";"1";"Vente";"1.0";"nan";"None";"PROM DU GALION";"0177";"77200";"77468";"Torcy";"77";"None";"None";"77468000AE0124";"None";"None";"None";"nan";"None";"nan";"None";"None";"None";"None";"None";"None";"0";"None";"None";"nan";"nan";"S";"sols";"None";"None";"29.0";"2.64199";"48.847326";"000AE"
"2015-891766";"2015-09-03";"1";"Vente";"1.0";"nan";"None";"PROM DU GALION";"0177";"77200";"77468";"Torcy";"77";"None";"None";"77468000AE0125";"None";"None";"None";"nan";"None";"nan";"None";"None";"None";"None";"None";"None";"0";"None";"None";"nan";"nan";"T";"terres";"None";"None";"386.0";"2.6418";"48.847276";"000AE"
"2015-891146";"2015-08-03";"1";"Vente";"110000.0";"nan";"None";"None";"None";"None";"77468";"Torcy";"77";"None";"None";"77468000AE0053";"None";"15";"None";"nan";"None";"nan";"None";"None";"None";"None";"None";"None";"0";"None";"None";"nan";"nan";"None";"None";"None";"None";"nan";"2.645525";"48.843698";"000AE"
"2015-891146";"2015-08-03";"1";"Vente";"110000.0";"nan";"None";"None";"None";"None";"77468";"Torcy";"77";"None";"None";"77468000AE0053";"None";"17";"None";"nan";"None";"nan";"None";"None";"None";"None";"None";"None";"0";"None";"None";"nan";"nan";"None";"None";"None";"None";"nan";"2.645525";"48.843698";"000AE"
"2015-890961";"2015-07-30";"1";"Vente";"205000.0";"2.0";"None";"RUE VICTOR HUGO";"0491";"77200";"77468";"Torcy";"77";"None";"None";"77468000AE0057";"None";"None";"43";"79.07";"None";"nan";"None";"None";"None";"None";"None";"None";"1";"2";"Appartement";"82.0";"4.0";"None";"None";"None";"None";"nan";"2.644865";"48.84416";"000AE"
"2015-890990";"2015-07-30";"1";"Vente";"163000.0";"2.0";"None";"RUE VICTOR HUGO";"0491";"77200";"77468";"Torcy";"77";"None";"None";"77468000AE0057";"None";"None";"40";"65.34";"None";"nan";"None";"None";"None";"None";"None";"None";"1";"2";"Appartement";"67.0";"3.0";"None";"None";"None";"None";"nan";"2.644865";"48.84416";"000AE"
"2015-890961";"2015-07-30";"1";"Vente";"205000.0";"2.0";"None";"RUE VICTOR HUGO";"0491";"77200";"77468";"Torcy";"77";"None";"None";"77468000AE0057";"None";"None";"88";"nan";"None";"nan";"None";"None";"None";"None";"None";"None";"1";"3";"Dépendance";"nan";"0.0";"None";"None";"None";"None";"nan";"2.644865";"48.84416";"000AE"
"2015-890990";"2015-07-30";"1";"Vente";"163000.0";"2.0";"None";"RUE VICTOR HUGO";"0491";"77200";"77468";"Torcy";"77";"None";"None";"77468000AE0057";"None";"None";"83";"nan";"None";"nan";"None";"None";"None";"None";"None";"None";"1";"3";"Dépendance";"nan";"0.0";"None";"None";"None";"None";"nan";"2.644865";"48.84416";"000AE"
"2015-891574";"2015-07-29";"1";"Vente";"207000.0";"7.0";"None";"ALL PIROUETTE";"0441";"77200";"77468";"Torcy";"77";"None";"None";"77468000AE0002";"None";"None";"234";"83.65";"None";"nan";"None";"None";"None";"None";"None";"None";"1";"2";"Appartement";"80.0";"4.0";"None";"None";"None";"None";"nan";"2.639724";"48.848981";"000AE"
"2015-891574";"2015-07-29";"1";"Vente";"207000.0";"1.0";"B";"ALL DES VERGERS";"0489";"77200";"77468";"Torcy";"77";"None";"None";"77468000AE0004";"None";"None";"33";"nan";"None";"nan";"None";"None";"None";"None";"None";"None";"1";"3";"Dépendance";"nan";"0.0";"None";"None";"None";"None";"nan";"2.641593";"48.849258";"000AE"
"2015-889366";"2015-05-29";"1";"Vente";"180000.0";"3.0";"None";"ALL DE LA CARAVELLE";"0084";"77200";"77468";"Torcy";"77";"None";"None";"77468000AE0158";"None";"None";"2";"65.16";"None";"nan";"None";"None";"None";"None";"None";"None";"1";"2";"Appartement";"66.0";"3.0";"None";"None";"None";"None";"nan";"2.644128";"48.846618";"000AE"
"2015-889800";"2015-05-29";"1";"Vente";"226000.0";"3.0";"None";"ALL PIROUETTE";"0441";"77200";"77468";"Torcy";"77";"None";"None";"77468000AE0002";"None";"None";"265";"83.17";"None";"nan";"None";"None";"None";"None";"None";"None";"1";"2";"Appartement";"81.0";"4.0";"None";"None";"None";"None";"nan";"2.639724";"48.848981";"000AE"
"2015-889366";"2015-05-29";"1";"Vente";"180000.0";"3.0";"None";"ALL DE LA CARAVELLE";"0084";"77200";"77468";"Torcy";"77";"None";"None";"77468000AE0158";"None";"None";"64";"nan";"None";"nan";"None";"None";"None";"None";"None";"None";"1";"3";"Dépendance";"nan";"0.0";"None";"None";"None";"None";"nan";"2.644128";"48.846618";"000AE"
"2015-889800";"2015-05-29";"1";"Vente";"226000.0";"1.0";"B";"ALL DES VERGERS";"0489";"77200";"77468";"Torcy";"77";"None";"None";"77468000AE0004";"None";"None";"9";"nan";"None";"nan";"None";"None";"None";"None";"None";"None";"1";"3";"Dépendance";"nan";"0.0";"None";"None";"None";"None";"nan";"2.641593";"48.849258";"000AE"
"2015-889490";"2015-05-28";"1";"Vente";"239250.0";"23.0";"None";"ALL PIROUETTE";"0441";"77200";"77468";"Torcy";"77";"None";"None";"77468000AE0002";"None";"None";"29";"nan";"None";"nan";"None";"None";"None";"None";"None";"None";"1";"2";"Appartement";"95.0";"5.0";"None";"None";"None";"None";"nan";"2.639724";"48.848981";"000AE"
"2015-889490";"2015-05-28";"1";"Vente";"239250.0";"9001.0";"None";"RUE DU BEAUREGARD";"0042";"77200";"77468";"Torcy";"77";"None";"None";"77468000AE0002";"None";"None";"32";"nan";"None";"nan";"None";"None";"None";"None";"None";"None";"1";"3";"Dépendance";"nan";"0.0";"None";"None";"None";"None";"nan";"2.639724";"48.848981";"000AE"
"2015-889874";"2015-05-26";"1";"Vente";"176000.0";"2.0";"None";"ALL DES VERGERS";"0489";"77200";"77468";"Torcy";"77";"None";"None";"77468000AE0002";"None";"None";"292";"85.3";"None";"nan";"None";"None";"None";"None";"None";"None";"1";"2";"Appartement";"82.0";"4.0";"None";"None";"None";"None";"nan";"2.639724";"48.848981";"000AE"
"2015-889874";"2015-05-26";"1";"Vente";"176000.0";"1.0";"B";"ALL DES VERGERS";"0489";"77200";"77468";"Torcy";"77";"None";"None";"77468000AE0004";"None";"None";"3";"nan";"None";"nan";"None";"None";"None";"None";"None";"None";"1";"3";"Dépendance";"nan";"0.0";"None";"None";"None";"None";"nan";"2.641593";"48.849258";"000AE"
"2015-888912";"2015-05-18";"1";"Vente";"103000.0";"15.0";"None";"RUE JULES VALLES";"0329";"77200";"77468";"Torcy";"77";"None";"None";"77468000AE0091";"None";"None";"24";"27.97";"None";"nan";"None";"None";"None";"None";"None";"None";"1";"2";"Appartement";"28.0";"1.0";"None";"None";"None";"None";"nan";"2.642604";"48.844414";"000AE"
"2015-888912";"2015-05-18";"1";"Vente";"103000.0";"13.0";"None";"RUE VICTOR HUGO";"0491";"77200";"77468";"Torcy";"77";"None";"None";"77468000AE0091";"None";"None";"217";"nan";"None";"nan";"None";"None";"None";"None";"None";"None";"1";"3";"Dépendance";"nan";"0.0";"None";"None";"None";"None";"nan";"2.642604";"48.844414";"000AE"
"2015-888911";"2015-05-15";"1";"Vente";"180000.0";"10.0";"None";"CRS DE L ARCHE GUEDON";"0008";"77200";"77468";"Torcy";"77";"None";"None";"77468000AE0002";"None";"None";"208";"68.92";"None";"nan";"None";"None";"None";"None";"None";"None";"1";"2";"Appartement";"67.0";"3.0";"None";"None";"None";"None";"nan";"2.639724";"48.848981";"000AE"
"2015-888911";"2015-05-15";"1";"Vente";"180000.0";"9001.0";"None";"RUE DU BEAUREGARD";"0042";"77200";"77468";"Torcy";"77";"None";"None";"77468000AE0002";"None";"None";"89";"nan";"None";"nan";"None";"None";"None";"None";"None";"None";"1";"3";"Dépendance";"nan";"0.0";"None";"None";"None";"None";"nan";"2.639724";"48.848981";"000AE"
"2015-889313";"2015-05-04";"1";"Vente";"8500.0";"7.0";"None";"RUE JULES VALLES";"0329";"77200";"77468";"Torcy";"77";"None";"None";"77468000AE0059";"None";"None";"111";"nan";"None";"nan";"None";"None";"None";"None";"None";"None";"1";"3";"Dépendance";"nan";"0.0";"None";"None";"None";"None";"nan";"2.644406";"48.844072";"000AE"
"2015-888538";"2015-03-31";"1";"Vente";"220000.0";"15.0";"None";"RUE JULES VALLES";"0329";"77200";"77468";"Torcy";"77";"None";"None";"77468000AE0091";"None";"None";"33";"78.85";"None";"nan";"None";"None";"None";"None";"None";"None";"1";"2";"Appartement";"79.0";"4.0";"None";"None";"None";"None";"nan";"2.642604";"48.844414";"000AE"
"2015-888538";"2015-03-31";"1";"Vente";"220000.0";"13.0";"None";"RUE VICTOR HUGO";"0491";"77200";"77468";"Torcy";"77";"None";"None";"77468000AE0091";"None";"None";"224";"nan";"None";"nan";"None";"None";"None";"None";"None";"None";"1";"3";"Dépendance";"nan";"0.0";"None";"None";"None";"None";"nan";"2.642604";"48.844414";"000AE"
"2015-888538";"2015-03-31";"1";"Vente";"220000.0";"17.0";"B";"RUE JULES VALLES";"0329";"77200";"77468";"Torcy";"77";"None";"None";"77468000AE0091";"None";"None";"58";"nan";"None";"nan";"None";"None";"None";"None";"None";"None";"1";"3";"Dépendance";"nan";"0.0";"None";"None";"None";"None";"nan";"2.642604";"48.844414";"000AE"
"2015-887804";"2015-03-20";"1";"Vente";"175000.0";"10.0";"None";"CRS DE L ARCHE GUEDON";"0008";"77200";"77468";"Torcy";"77";"None";"None";"77468000AE0002";"None";"None";"205";"102.86";"None";"nan";"None";"None";"None";"None";"None";"None";"1";"2";"Appartement";"99.0";"5.0";"None";"None";"None";"None";"nan";"2.639724";"48.848981";"000AE"
"2015-887804";"2015-03-20";"1";"Vente";"175000.0";"1.0";"B";"ALL DES VERGERS";"0489";"77200";"77468";"Torcy";"77";"None";"None";"77468000AE0004";"None";"None";"19";"nan";"None";"nan";"None";"None";"None";"None";"None";"None";"1";"3";"Dépendance";"nan";"0.0";"None";"None";"None";"None";"nan";"2.641593";"48.849258";"000AE"
"2015-887546";"2015-01-23";"1";"Vente";"172000.0";"3.0";"None";"ALL DE LA CARAVELLE";"0084";"77200";"77468";"Torcy";"77";"None";"None";"77468000AE0158";"None";"None";"20";"nan";"None";"nan";"None";"None";"None";"None";"None";"None";"1";"2";"Appartement";"83.0";"4.0";"None";"None";"None";"None";"nan";"2.644128";"48.846618";"000AE"
"2015-887546";"2015-01-23";"1";"Vente";"172000.0";"3.0";"None";"ALL DE LA CARAVELLE";"0084";"77200";"77468";"Torcy";"77";"None";"None";"77468000AE0158";"None";"None";"53";"nan";"None";"nan";"None";"None";"None";"None";"None";"None";"1";"3";"Dépendance";"nan";"0.0";"None";"None";"None";"None";"nan";"2.644128";"48.846618";"000AE"
"2014-822998";"2014-12-16";"1";"Vente";"196000.0";"9.0";"None";"ALL PIROUETTE";"0441";"77200";"77468";"Torcy";"77";"None";"None";"77468000AE0002";"None";"None";"232";"nan";"None";"nan";"None";"None";"None";"None";"None";"None";"1";"2";"Appartement";"82.0";"4.0";"None";"None";"None";"None";"nan";"2.639724";"48.848981";"000AE"
"2014-822913";"2014-12-16";"1";"Vente";"12000.0";"1.0";"B";"ALL DES VERGERS";"0489";"77200";"77468";"Torcy";"77";"None";"None";"77468000AE0004";"None";"None";"23";"nan";"None";"nan";"None";"None";"None";"None";"None";"None";"1";"3";"Dépendance";"nan";"0.0";"None";"None";"None";"None";"nan";"2.641593";"48.849258";"000AE"
"2014-822998";"2014-12-16";"1";"Vente";"196000.0";"1.0";"B";"ALL DES VERGERS";"0489";"77200";"77468";"Torcy";"77";"None";"None";"77468000AE0004";"None";"None";"30";"nan";"None";"nan";"None";"None";"None";"None";"None";"None";"1";"3";"Dépendance";"nan";"0.0";"None";"None";"None";"None";"nan";"2.641593";"48.849258";"000AE"
"2014-821616";"2014-11-13";"1";"Vente";"60500.0";"2.0";"None";"RUE JULES VALLES";"0329";"77200";"77468";"Torcy";"77";"None";"None";"77468000AE0097";"None";"None";"207";"19.18";"None";"nan";"None";"None";"None";"None";"None";"None";"1";"2";"Appartement";"19.0";"1.0";"None";"None";"None";"None";"nan";"2.643909";"48.844734";"000AE"
"2014-821804";"2014-11-05";"1";"Vente";"202000.0";"11.0";"None";"RUE JULES VALLES";"0329";"77200";"77468";"Torcy";"77";"None";"None";"77468000AE0059";"None";"None";"37";"62.3";"None";"nan";"None";"None";"None";"None";"None";"None";"1";"2";"Appartement";"63.0";"3.0";"None";"None";"None";"None";"nan";"2.644406";"48.844072";"000AE"
"2014-821804";"2014-11-05";"1";"Vente";"202000.0";"7.0";"None";"RUE JULES VALLES";"0329";"77200";"77468";"Torcy";"77";"None";"None";"77468000AE0059";"None";"None";"91";"nan";"None";"nan";"None";"None";"None";"None";"None";"None";"1";"3";"Dépendance";"nan";"0.0";"None";"None";"None";"None";"nan";"2.644406";"48.844072";"000AE"
"2014-819962";"2014-08-29";"1";"Vente";"161700.0";"2.0";"None";"ALL DES VERGERS";"0489";"77200";"77468";"Torcy";"77";"None";"None";"77468000AE0002";"None";"None";"293";"70.18";"None";"nan";"None";"None";"None";"None";"None";"None";"1";"2";"Appartement";"67.0";"3.0";"None";"None";"None";"None";"nan";"2.639724";"48.848981";"000AE"
"2014-819962";"2014-08-29";"1";"Vente";"161700.0";"1.0";"B";"ALL DES VERGERS";"0489";"77200";"77468";"Torcy";"77";"None";"None";"77468000AE0004";"None";"None";"2";"nan";"None";"nan";"None";"None";"None";"None";"None";"None";"1";"3";"Dépendance";"nan";"0.0";"None";"None";"None";"None";"nan";"2.641593";"48.849258";"000AE"
"2014-819916";"2014-08-26";"1";"Vente";"267250.0";"11.0";"None";"ALL LA PEROUSE";"0275";"77200";"77468";"Torcy";"77";"None";"None";"77468000AE0021";"None";"None";"18";"85.81";"None";"nan";"None";"None";"None";"None";"None";"None";"1";"1";"Maison";"83.0";"3.0";"S";"sols";"None";"None";"116.0";"2.640977";"48.847877";"000AE"
"2014-819670";"2014-08-12";"1";"Vente";"207500.0";"3.0";"None";"ALL PIROUETTE";"0441";"77200";"77468";"Torcy";"77";"None";"None";"77468000AE0002";"None";"None";"268";"85.63";"None";"nan";"None";"None";"None";"None";"None";"None";"1";"2";"Appartement";"82.0";"4.0";"None";"None";"None";"None";"nan";"2.639724";"48.848981";"000AE"
"2014-819670";"2014-08-12";"1";"Vente";"207500.0";"1.0";"B";"ALL DES VERGERS";"0489";"77200";"77468";"Torcy";"77";"None";"None";"77468000AE0004";"None";"None";"28";"nan";"None";"nan";"None";"None";"None";"None";"None";"None";"1";"3";"Dépendance";"nan";"0.0";"None";"None";"None";"None";"nan";"2.641593";"48.849258";"000AE"
"2014-819557";"2014-08-07";"1";"Vente";"90000.0";"2.0";"None";"RUE JULES VALLES";"0329";"77200";"77468";"Torcy";"77";"None";"None";"77468000AE0097";"None";"None";"213";"18.93";"None";"nan";"None";"None";"None";"None";"None";"None";"1";"2";"Appartement";"19.0";"1.0";"None";"None";"None";"None";"nan";"2.643909";"48.844734";"000AE"
"2014-819447";"2014-07-31";"1";"Vente";"152000.0";"13.0";"None";"RUE JULES VALLES";"0329";"77200";"77468";"Torcy";"77";"None";"None";"77468000AE0059";"None";"None";"57";"53.87";"None";"nan";"None";"None";"None";"None";"None";"None";"1";"2";"Appartement";"54.0";"2.0";"None";"None";"None";"None";"nan";"2.644406";"48.844072";"000AE"
"2014-819447";"2014-07-31";"1";"Vente";"152000.0";"7.0";"None";"RUE JULES VALLES";"0329";"77200";"77468";"Torcy";"77";"None";"None";"77468000AE0059";"None";"None";"102";"nan";"None";"nan";"None";"None";"None";"None";"None";"None";"1";"3";"Dépendance";"nan";"0.0";"None";"None";"None";"None";"nan";"2.644406";"48.844072";"000AE"
"2014-819234";"2014-07-26";"1";"Vente";"174000.0";"2.0";"None";"RUE VICTOR HUGO";"0491";"77200";"77468";"Torcy";"77";"None";"None";"77468000AE0057";"None";"None";"35";"52.19";"None";"nan";"None";"None";"None";"None";"None";"None";"1";"2";"Appartement";"51.0";"2.0";"None";"None";"None";"None";"nan";"2.644865";"48.84416";"000AE"
"2014-819565";"2014-07-18";"1";"Vente";"190000.0";"nan";"None";"None";"None";"None";"77468";"Torcy";"77";"None";"None";"77468000AE0053";"None";"13";"None";"nan";"None";"nan";"None";"None";"None";"None";"None";"None";"0";"None";"None";"nan";"nan";"None";"None";"None";"None";"nan";"2.645525";"48.843698";"000AE"
"2014-818238";"2014-05-27";"1";"Vente";"206000.0";"4.0";"None";"RUE VICTOR HUGO";"0491";"77200";"77468";"Torcy";"77";"None";"None";"77468000AE0057";"None";"None";"26";"80.4";"None";"nan";"None";"None";"None";"None";"None";"None";"1";"2";"Appartement";"83.0";"4.0";"None";"None";"None";"None";"nan";"2.644865";"48.84416";"000AE"
"2014-818238";"2014-05-27";"1";"Vente";"206000.0";"4.0";"None";"RUE VICTOR HUGO";"0491";"77200";"77468";"Torcy";"77";"None";"None";"77468000AE0057";"None";"None";"51";"nan";"None";"nan";"None";"None";"None";"None";"None";"None";"1";"3";"Dépendance";"nan";"0.0";"None";"None";"None";"None";"nan";"2.644865";"48.84416";"000AE"
"2014-817908";"2014-05-05";"1";"Vente";"230000.0";"11.0";"None";"ALL DU COMMANDANT CHARCOT";"0116";"77200";"77468";"Torcy";"77";"None";"None";"77468000AE0015";"None";"None";"35";"80.93";"None";"nan";"None";"None";"None";"None";"None";"None";"1";"1";"Maison";"83.0";"3.0";"S";"sols";"None";"None";"83.0";"2.639248";"48.848453";"000AE"
"2014-816076";"2014-02-27";"1";"Vente";"163000.0";"13.0";"None";"RUE JULES VALLES";"0329";"77200";"77468";"Torcy";"77";"None";"None";"77468000AE0059";"None";"None";"60";"53.43";"None";"nan";"None";"None";"None";"None";"None";"None";"1";"2";"Appartement";"54.0";"2.0";"None";"None";"None";"None";"nan";"2.644406";"48.844072";"000AE"
"2014-816076";"2014-02-27";"1";"Vente";"163000.0";"7.0";"None";"RUE JULES VALLES";"0329";"77200";"77468";"Torcy";"77";"None";"None";"77468000AE0059";"None";"None";"83";"nan";"None";"nan";"None";"None";"None";"None";"None";"None";"1";"3";"Dépendance";"nan";"0.0";"None";"None";"None";"None";"nan";"2.644406";"48.844072";"000AE"
"2014-816109";"2014-02-24";"1";"Vente";"195000.0";"3.0";"None";"ALL DE LA CARAVELLE";"0084";"77200";"77468";"Torcy";"77";"None";"None";"77468000AE0158";"None";"None";"17";"82.7";"None";"nan";"None";"None";"None";"None";"None";"None";"1";"2";"Appartement";"83.0";"4.0";"None";"None";"None";"None";"nan";"2.644128";"48.846618";"000AE"
"2014-816109";"2014-02-24";"1";"Vente";"195000.0";"3.0";"None";"ALL DE LA CARAVELLE";"0084";"77200";"77468";"Torcy";"77";"None";"None";"77468000AE0158";"None";"None";"51";"nan";"None";"nan";"None";"None";"None";"None";"None";"None";"1";"3";"Dépendance";"nan";"0.0";"None";"None";"None";"None";"nan";"2.644128";"48.846618";"000AE"